{
    "train_loss": [
        0.3858052730753631,
        0.3161386512591691,
        0.2824170592607198,
        0.25902999683604866,
        0.24322235473281073,
        0.23041305025879613,
        0.2205291013763158,
        0.2135788866684971,
        0.2071059757040557,
        0.20178971351300945,
        0.19744833551919805,
        0.1939848786565715,
        0.1902220166397993,
        0.18741253034923663,
        0.18442734341488448,
        0.18196723459961409,
        0.17959323359612459,
        0.17770431812354429,
        0.17564963416090448,
        0.17349322874864895,
        0.1721034557976855,
        0.17083483258682394,
        0.1699378440926175,
        0.1674346610412983,
        0.16587069128526602,
        0.16520689007177383,
        0.16339098024711815,
        0.16238499421090957,
        0.1624256165051264,
        0.16080051008054239,
        0.16009910789108325,
        0.15890347420752882,
        0.1575345489309874,
        0.15687135095427374,
        0.1562096324187895,
        0.15573054529678174,
        0.15524242046621894,
        0.15434378960510037,
        0.15373064161086838,
        0.15283971520311787,
        0.15231935426076046,
        0.15146244182613885,
        0.15083597800666523,
        0.15078402825625625,
        0.1501146443996824,
        0.14973908971377953,
        0.14800589145467935,
        0.14860303149448928,
        0.1481904642797724,
        0.1467437335334629,
        0.14684019613631827,
        0.14626759184736335,
        0.145576907647123,
        0.1452504905254883,
        0.14520475359265497,
        0.14399750939869654,
        0.1441946492034072,
        0.14369256584300938,
        0.14311050673102785,
        0.14321342260556336,
        0.142328301308948,
        0.14216143286093594,
        0.14198629902731516,
        0.1417151924878909,
        0.141281811744458,
        0.14118605573287982,
        0.14023803542191515,
        0.13948716578016174,
        0.14015143732828445,
        0.13960983567478918,
        0.13840038703564933,
        0.1388964196899441,
        0.1389677314972598,
        0.1377122099650745,
        0.13770624574742274,
        0.13753522467611734,
        0.13767716415531323,
        0.13744787999360028,
        0.1361517052365069,
        0.13679722422258017,
        0.13606382107284076,
        0.1359336120067183,
        0.13581960530349327,
        0.13483277148661946
    ],
    "val_loss": [
        0.29269701436426515,
        0.2516399241939804,
        0.22929113658045877,
        0.21990941967484515,
        0.21149549249713942,
        0.19169815903055598,
        0.18838110067964306,
        0.18464542475677806,
        0.17730142096795978,
        0.172494702658357,
        0.1739692955151112,
        0.17191050184019924,
        0.17317461337034518,
        0.16307226863838511,
        0.16057976665934162,
        0.15781274623066716,
        0.16112004872962568,
        0.15704806501696095,
        0.15491352948916734,
        0.15583836525325945,
        0.15013633289280728,
        0.14926594442869784,
        0.1503267756404256,
        0.14862116307196532,
        0.1462866090811216,
        0.14591468103538605,
        0.14875923388103057,
        0.144531074272105,
        0.14125720759820656,
        0.14689809983298624,
        0.14210205084297078,
        0.1419230110105678,
        0.13892559127430237,
        0.137792196587698,
        0.13757495374898232,
        0.1375802050857149,
        0.13918941185848246,
        0.14050825888059548,
        0.1352888188771242,
        0.13698681201455157,
        0.1402190258869758,
        0.13277538259618382,
        0.13468205135249528,
        0.13406422593184478,
        0.13382844049373321,
        0.1385012553376559,
        0.1360166926355757,
        0.13309884320437557,
        0.1329267311113826,
        0.13390259660736342,
        0.1316129073456547,
        0.1341099873537848,
        0.13366073956327326,
        0.12880866507277686,
        0.13023863999536756,
        0.13098595910788288,
        0.12992589854629788,
        0.13143147431181731,
        0.1313019912006587,
        0.13086983052319323,
        0.12868529948345303,
        0.13259438632508003,
        0.13084280129367784,
        0.12985829012633782,
        0.12898934154203656,
        0.1333314744237612,
        0.12822291512901968,
        0.12693330627926708,
        0.12571132315333777,
        0.12664273987419505,
        0.12620107699516256,
        0.12848588077009782,
        0.12831946462392807,
        0.1270821777188919,
        0.12592667169295824,
        0.12773861372347414,
        0.12406722125569744,
        0.12930236399702771,
        0.1275331526333411,
        0.12483516357530504,
        0.12415379554738659,
        0.12349335655305513,
        0.12390750267449216,
        0.12288963384705888
    ],
    "val_iou": [
        0.3220317664407414,
        0.3864149818053612,
        0.44917625435710656,
        0.45702195132272483,
        0.4926289593326975,
        0.4861630621922792,
        0.48801632410675816,
        0.5124135910582965,
        0.525729142878888,
        0.5399548945694985,
        0.5397302640613014,
        0.5516438112103728,
        0.5572708851310628,
        0.5497468995624746,
        0.5359087962899688,
        0.5547367942756449,
        0.5692602799841638,
        0.5814130064651105,
        0.571638214164937,
        0.5874414780788874,
        0.5784370634682785,
        0.5817953007813741,
        0.5885180169661369,
        0.5961614780172089,
        0.5857947174261308,
        0.5784752481787868,
        0.5930802723359779,
        0.6000603091787304,
        0.6021664193748723,
        0.6075434411418509,
        0.5941071423905842,
        0.6006884292737972,
        0.6031533908209151,
        0.6110356152057648,
        0.6054047945688462,
        0.6075008460403194,
        0.6154054771866319,
        0.6032320010591541,
        0.6115717535188212,
        0.611246401918005,
        0.6144299836906456,
        0.611751344958706,
        0.6121287361757289,
        0.6125117889522801,
        0.6225383719043619,
        0.6183325706501684,
        0.6143422133823824,
        0.6151141309173855,
        0.6163270639244621,
        0.626821199288735,
        0.6212602524009682,
        0.6197447420577326,
        0.6235372872042233,
        0.6237884188544821,
        0.6236646415213861,
        0.6200221359024386,
        0.6185971620167501,
        0.6152005467189134,
        0.6274042127753151,
        0.6187337740991242,
        0.6295846349741581,
        0.6240167899950017,
        0.6191839616326891,
        0.6204989691810495,
        0.6282955251149172,
        0.6331751117339501,
        0.6313766957034727,
        0.6305973750247053,
        0.6273376387957286,
        0.6353736473963811,
        0.6359881753399528,
        0.6394646171282029,
        0.6318535258078716,
        0.6323276174491679,
        0.6300085372120671,
        0.6348566936670675,
        0.6355519337061595,
        0.6375241866831244,
        0.6238644569230503,
        0.6391181741240461,
        0.6401817800377952,
        0.6366939308375297,
        0.6413604424902674,
        0.6341281956469519
    ]
}